Symbol,Security,GICS_Sector,GICS_Sub_Industry,City,State,CIK,Latitude,Longitude
MMM,3M Company,Industrials,Industrial Conglomerates,St. Paul, Minnesota,66740,44.9504037,-93.1015026
ABT,Abbott Laboratories,Health Care,Health Care Equipment,North Chicago, Illinois,1800,42.325578,-87.8411818
ABBV,AbbVie Inc.,Health Care,Pharmaceuticals,North Chicago, Illinois,1551152,42.325578,-87.8411818
ABMD,ABIOMED Inc,Health Care,Health Care Equipment,Danvers, Massachusetts,815094,42.5750946,-70.9300507
ACN,Accenture plc,Information Technology,IT Consulting & Other Services,Dublin, Ireland,1467373,53.3497645,-6.2602732
ATVI,Activision Blizzard,Communication Services,Interactive Home Entertainment,Santa Monica, California,718877,34.0250724,-118.4965129
ADBE,Adobe Inc.,Information Technology,Application Software,San Jose, California,796343,37.3361905,-121.8905833
AMD,Advanced Micro Devices Inc,Information Technology,Semiconductors,Santa Clara, California,2488,37.2333253,-121.6846349
AAP,Advance Auto Parts,Consumer Discretionary,Automotive Retail,Raleigh, North Carolina,1158449,35.7803977,-78.6390989
AES,AES Corp,Utilities,Independent Power Producers & Energy Traders,Arlington, Virginia,874761,32.701939,-97.10562379
AFL,AFLAC Inc,Financials,Life & Health Insurance,Columbus, Georgia,4977,39.9622601,-83.0007065
A,Agilent Technologies Inc,Health Care,Health Care Equipment,Santa Clara, California,1090872,37.2333253,-121.6846349
APD,Air Products & Chemicals Inc,Materials,Industrial Gases,Allentown, Pennsylvania,2969,40.6022059,-75.4712794
AKAM,Akamai Technologies Inc,Information Technology,Internet Services & Infrastructure,Cambridge, Massachusetts,1086222,52.2034823,0.1235817
ALK,Alaska Air Group Inc,Industrials,Airlines,Seattle, Washington,766421,47.6038321,-122.3300624
ALB,Albemarle Corp,Materials,Specialty Chemicals,Charlotte, North Carolina,915913,35.2272,-80.843083
ARE,Alexandria Real Estate Equities,Real Estate,Office REITs,Pasadena, California,1035443,34.1476452,-118.1444779
ALXN,Alexion Pharmaceuticals,Health Care,Biotechnology,Boston, Massachusetts,899866,42.3602534,-71.0582912
ALGN,Align Technology,Health Care,Health Care Supplies,San Jose, California,1097149,37.3361905,-121.8905833
ALLE,Allegion,Industrials,Building Products,Dublin, Ireland,1579241,53.3497645,-6.2602732
LNT,Alliant Energy Corp,Utilities,Electric Utilities,Madison, Wisconsin,352541,43.074761,-89.3837613
ALL,Allstate Corp,Financials,Property & Casualty Insurance,Northfield Township, Illinois,899051,42.09975,-87.7808967
GOOGL,Alphabet Inc. (Class A),Communication Services,Interactive Media & Services,Mountain View, California,1652044,37.3893889,-122.0832101
GOOG,Alphabet Inc. (Class C),Communication Services,Interactive Media & Services,Mountain View, California,1652044,37.3893889,-122.0832101
MO,Altria Group Inc,Consumer Staples,Tobacco,Richmond, Virginia,764180,37.5385087,-77.43428
AMZN,Amazon.com Inc.,Consumer Discretionary,Internet & Direct Marketing Retail,Seattle, Washington,1018724,47.6038321,-122.3300624
AMCR,Amcor plc,Materials,Paper Packaging,Warmley, Bristol,1748790,51.4605621,-2.4778483
AEE,Ameren Corp,Utilities,Multi-Utilities,St. Louis, Missouri,1002910,38.6529545,-90.24111656
AAL,American Airlines Group,Industrials,Airlines,Fort Worth, Texas,6201,32.753177,-97.3327459
AEP,American Electric Power,Utilities,Electric Utilities,Columbus, Ohio,4904,39.9622601,-83.0007065
AXP,American Express Co,Financials,Consumer Finance,New York, New York,4962,40.7127281,-74.0060152
AIG,American International Group,Financials,Property & Casualty Insurance,New York, New York,5272,40.7127281,-74.0060152
AMT,American Tower Corp.,Real Estate,Specialized REITs,Boston, Massachusetts,1053507,42.3602534,-71.0582912
AWK,American Water Works Company Inc,Utilities,Water Utilities,Camden, New Jersey,1410636,39.9448402,-75.1198911
AMP,Ameriprise Financial,Financials,Asset Management & Custody Banks,Minneapolis, Minnesota,820027,44.9772995,-93.2654692
ABC,AmerisourceBergen Corp,Health Care,Health Care Distributors,Chesterbrook, Pennsylvania,1140859,40.0726519,-75.45624634
AME,AMETEK Inc.,Industrials,Electrical Components & Equipment,Berwyn, Pennsylvania,1037868,41.8505874,-87.7936685
AMGN,Amgen Inc.,Health Care,Biotechnology,Thousand Oaks, California,318154,34.17142715,-118.9105877
APH,Amphenol Corp,Information Technology,Electronic Components,Wallingford, Connecticut,820313,51.5982316,-1.1252158
ADI,"Analog Devices, Inc.",Information Technology,Semiconductors,Norwood, Massachusetts,6281,40.7055931,-89.6987129
ANSS,ANSYS,Information Technology,Application Software,Canonsburg, Pennsylvania,1013462,40.2625702,-80.1872797
ANTM,Anthem,Health Care,Managed Health Care,Indianapolis, Indiana,1156039,39.7683331,-86.1583502
AON,Aon plc,Financials,Insurance Brokers,London, United Kingdom,315293,51.5073219,-0.1276474
AOS,A.O. Smith Corp,Industrials,Building Products,Milwaukee, Wisconsin,91142,43.0349931,-87.922497
APA,Apache Corporation,Energy,Oil & Gas Exploration & Production,Houston, Texas,6769,29.7589382,-95.3676974
AIV,Apartment Investment & Management,Real Estate,Residential REITs,Denver, Colorado,922864,39.7392364,-104.9848623
AAPL,Apple Inc.,Information Technology,"Technology Hardware, Storage & Peripherals",Cupertino, California,320193,37.3228934,-122.0322895
AMAT,Applied Materials Inc.,Information Technology,Semiconductor Equipment,Santa Clara, California,6951,37.2333253,-121.6846349
APTV,Aptiv PLC,Consumer Discretionary,Auto Parts & Equipment,Dublin, Ireland,1521332,53.3497645,-6.2602732
ADM,Archer-Daniels-Midland Co,Consumer Staples,Agricultural Products,Chicago, Illinois,7084,41.8755616,-87.6244212
ANET,Arista Networks,Information Technology,Communications Equipment,Santa Clara, California,1596532,37.2333253,-121.6846349
AJG,Arthur J. Gallagher & Co.,Financials,Insurance Brokers,Itasca, Illinois,354190,47.4968343,-93.6225663
AIZ,Assurant,Financials,Multi-line Insurance,New York, New York,1267238,40.7127281,-74.0060152
T,AT&T Inc.,Communication Services,Integrated Telecommunication Services,Dallas, Texas,732717,32.7762719,-96.7968559
ATO,Atmos Energy,Utilities,Gas Utilities,Dallas, Texas,731802,32.7762719,-96.7968559
ADSK,Autodesk Inc.,Information Technology,Application Software,San Rafael, California,769397,37.9735346,-122.5310874
ADP,Automatic Data Processing,Information Technology,Internet Services & Infrastructure,Roseland, New Jersey,8670,37.278847,-94.84409136
AZO,AutoZone Inc,Consumer Discretionary,Specialty Stores,Memphis, Tennessee,866787,35.1490215,-90.0516285
AVB,AvalonBay Communities,Real Estate,Residential REITs,Arlington, Virginia[3],915912,32.701939,-97.10562379
AVY,Avery Dennison Corp,Materials,Paper Packaging,Glendale, California,8818,34.1469416,-118.2478471
BKR,Baker Hughes Co,Energy,Oil & Gas Equipment & Services,Houston, Texas,1701605,29.7589382,-95.3676974
BLL,Ball Corp,Materials,Metal & Glass Containers,Broomfield, Colorado,9389,39.9203827,-105.0691464
BAC,Bank of America Corp,Financials,Diversified Banks,Charlotte, North Carolina,70858,35.2272,-80.843083
BK,The Bank of New York Mellon,Financials,Asset Management & Custody Banks,New York, New York,1390777,40.7127281,-74.0060152
BAX,Baxter International Inc.,Health Care,Health Care Equipment,Deerfield, Illinois,10456,42.1711365,-87.8445119
BDX,Becton Dickinson,Health Care,Health Care Equipment,Franklin Lakes, New Jersey,10795,41.0167639,-74.2057012
BRK.B,Berkshire Hathaway,Financials,Multi-Sector Holdings,Omaha, Nebraska,1067983,41.2587459,-95.9383758
BBY,Best Buy Co. Inc.,Consumer Discretionary,Computer & Electronics Retail,Richfield, Minnesota,764478,44.8766431,-93.2877877
BIO,Bio-Rad Laboratories,Health Care,Life Sciences Tools & Services,Hercules, California,12208,38.0171441,-122.2885808
BIIB,Biogen Inc.,Health Care,Biotechnology,Cambridge, Massachusetts,875045,52.2034823,0.1235817
BLK,BlackRock,Financials,Asset Management & Custody Banks,New York, New York,1364742,40.7127281,-74.0060152
BA,Boeing Company,Industrials,Aerospace & Defense,Chicago, Illinois,12927,41.8755616,-87.6244212
BKNG,Booking Holdings Inc,Consumer Discretionary,Internet & Direct Marketing Retail,Norwalk, Connecticut,1075531,41.1175966,-73.4078968
BWA,BorgWarner,Consumer Discretionary,Auto Parts & Equipment,Auburn Hills, Michigan,908255,42.6875323,-83.2341028
BXP,Boston Properties,Real Estate,Office REITs,Boston, Massachusetts,1037540,42.3602534,-71.0582912
BSX,Boston Scientific,Health Care,Health Care Equipment,Marlborough, Massachusetts[4],885725,42.3459271,-71.5522874
BMY,Bristol-Myers Squibb,Health Care,Health Care Distributors,New York, New York,14272,40.7127281,-74.0060152
AVGO,Broadcom Inc.,Information Technology,Semiconductors,San Jose, California,1730168,37.3361905,-121.8905833
BR,Broadridge Financial Solutions,Information Technology,Data Processing & Outsourced Services,Lake Success, New York,1383312,40.7706572,-73.7176312
BF.B,Brown-Forman Corp.,Consumer Staples,Distillers & Vintners,Louisville, Kentucky,14693,38.2542376,-85.759407
CHRW,C. H. Robinson Worldwide,Industrials,Air Freight & Logistics,Eden Prairie, Minnesota,1043277,44.8546856,-93.470786
COG,Cabot Oil & Gas,Energy,Oil & Gas Exploration & Production,Houston, Texas,858470,29.7589382,-95.3676974
CDNS,Cadence Design Systems,Information Technology,Application Software,San Jose, California,813672,37.3361905,-121.8905833
CPB,Campbell Soup,Consumer Staples,Packaged Foods & Meats,Camden, New Jersey,16732,39.9448402,-75.1198911
COF,Capital One Financial,Financials,Consumer Finance,Tysons Corner, Virginia,927628,38.916509,-77.22578585
CAH,Cardinal Health Inc.,Health Care,Health Care Distributors,Dublin, Ohio,721371,53.3497645,-6.2602732
KMX,Carmax Inc,Consumer Discretionary,Specialty Stores,Richmond, Virginia,1170010,37.5385087,-77.43428
CCL,Carnival Corp.,Consumer Discretionary,"Hotels, Resorts & Cruise Lines",Miami, Florida,815097,25.7742658,-80.1936589
CARR,Carrier Global,Industrials,Building Products,Palm Beach Gardens, Florida,1783180,26.8418256,-80.13590695
CTLT,Catalent,Health Care,Pharmaceuticals,Somerset, New Jersey,1596783,51.16175085,-3.075386706
CAT,Caterpillar Inc.,Industrials,Construction Machinery & Heavy Trucks,Deerfield, Illinois,18230,42.1711365,-87.8445119
CBOE,Cboe Global Markets,Financials,Financial Exchanges & Data,Chicago, Illinois,1374310,41.8755616,-87.6244212
CBRE,CBRE Group,Real Estate,Real Estate Services,Los Angeles, California,1138118,34.0536909,-118.2427666
CDW,CDW,Information Technology,Technology Distributors,Lincolnshire, Illinois,1402057,53.1823034,-0.203120854
CE,Celanese,Materials,Specialty Chemicals,Irving, Texas,1306830,32.8295183,-96.9442177
CNC,Centene Corporation,Health Care,Managed Health Care,St. Louis, Missouri,1071739,38.6529545,-90.24111656
CNP,CenterPoint Energy,Utilities,Multi-Utilities,Houston, Texas,1130310,29.7589382,-95.3676974
CERN,Cerner,Health Care,Health Care Technology,North Kansas City, Missouri,804753,39.1432057,-94.5733988
CF,CF Industries Holdings Inc,Materials,Fertilizers & Agricultural Chemicals,Deerfield, Illinois,1324404,42.1711365,-87.8445119
SCHW,Charles Schwab Corporation,Financials,Investment Banking & Brokerage,San Francisco, California,316709,37.7790262,-122.4199061
CHTR,Charter Communications,Communication Services,Cable & Satellite,Stamford, Connecticut,1091667,41.0534302,-73.5387341
CVX,Chevron Corp.,Energy,Integrated Oil & Gas,San Ramon, California,93410,41.7253374,1.363189
CMG,Chipotle Mexican Grill,Consumer Discretionary,Restaurants,Newport Beach, California,1058090,33.6170092,-117.9294401
CB,Chubb Limited,Financials,Property & Casualty Insurance,Zurich, Switzerland,896159,47.3723941,8.5423328
CHD,Church & Dwight,Consumer Staples,Household Products,Ewing, New Jersey,313927,38.0886603,-88.852287
CI,CIGNA Corp.,Health Care,Managed Health Care,Bloomfield, Connecticut,1739940,40.7516884,-92.4149074
CINF,Cincinnati Financial,Financials,Property & Casualty Insurance,Fairfield, Ohio,20286,39.7886111,-82.6418883
CTAS,Cintas Corporation,Industrials,Diversified Support Services,Mason, Ohio,723254,30.705029,-99.2233284
CSCO,Cisco Systems,Information Technology,Communications Equipment,San Jose, California,858877,37.3361905,-121.8905833
C,Citigroup Inc.,Financials,Diversified Banks,New York, New York,831001,40.7127281,-74.0060152
CFG,Citizens Financial Group,Financials,Regional Banks,Providence, Rhode Island,759944,41.8239891,-71.4128343
CTXS,Citrix Systems,Information Technology,Application Software,Fort Lauderdale, Florida,877890,26.1223084,-80.1433786
CLX,The Clorox Company,Consumer Staples,Household Products,Oakland, California,21076,37.8044557,-122.2713563
CME,CME Group Inc.,Financials,Financial Exchanges & Data,Chicago, Illinois,1156375,41.8755616,-87.6244212
CMS,CMS Energy,Utilities,Multi-Utilities,Jackson, Michigan,811156,32.2990384,-90.1847691
KO,Coca-Cola Company,Consumer Staples,Soft Drinks,Atlanta, Georgia,21344,33.7490987,-84.3901849
CTSH,Cognizant Technology Solutions,Information Technology,IT Consulting & Other Services,Teaneck, New Jersey,1058290,40.8860164,-74.0072568
CL,Colgate-Palmolive,Consumer Staples,Household Products,New York, New York,21665,40.7127281,-74.0060152
CMCSA,Comcast Corp.,Communication Services,Cable & Satellite,Philadelphia, Pennsylvania,1166691,39.9527237,-75.1635262
CMA,Comerica Inc.,Financials,Diversified Banks,Dallas, Texas,28412,32.7762719,-96.7968559
CAG,Conagra Brands,Consumer Staples,Packaged Foods & Meats,Chicago, Illinois,23217,41.8755616,-87.6244212
CXO,Concho Resources,Energy,Oil & Gas Exploration & Production,Midland, Texas,1358071,31.9973662,-102.0779482
COP,ConocoPhillips,Energy,Oil & Gas Exploration & Production,Houston, Texas,1163165,29.7589382,-95.3676974
ED,Consolidated Edison,Utilities,Electric Utilities,New York, New York,1047862,40.7127281,-74.0060152
STZ,Constellation Brands,Consumer Staples,Distillers & Vintners,Victor, New York,16918,41.7316675,-92.2979615
COO,The Cooper Companies,Health Care,Health Care Supplies,San Ramon, California,711404,41.7253374,1.363189
CPRT,Copart Inc,Industrials,Diversified Support Services,Dallas, Texas,900075,32.7762719,-96.7968559
GLW,Corning Inc.,Information Technology,Electronic Components,Corning, New York,24741,42.1435257,-77.0543408
CTVA,Corteva,Materials,Fertilizers & Agricultural Chemicals,Wilmington, Delaware,1755672,39.7459468,-75.546589
COST,Costco Wholesale Corp.,Consumer Staples,Hypermarkets & Super Centers,Issaquah, Washington,909832,47.5348778,-122.0432974
CCI,Crown Castle International Corp.,Real Estate,Specialized REITs,Houston, Texas,1051470,29.7589382,-95.3676974
CSX,CSX Corp.,Industrials,Railroads,Jacksonville, Florida,277948,30.3321838,-81.655651
CMI,Cummins Inc.,Industrials,Industrial Machinery,Columbus, Indiana,26172,39.9622601,-83.0007065
CVS,CVS Health,Health Care,Health Care Services,Woonsocket, Rhode Island,64803,42.0028761,-71.5147839
DHI,D. R. Horton,Consumer Discretionary,Homebuilding,Fort Worth, Texas,882184,32.753177,-97.3327459
DHR,Danaher Corp.,Health Care,Health Care Equipment,Washington, D.C.,313616,38.89366125,-76.98788325
DRI,Darden Restaurants,Consumer Discretionary,Restaurants,Orlando, Florida,940944,28.5421109,-81.3790304
DVA,DaVita Inc.,Health Care,Health Care Facilities,Denver, Colorado,927066,39.7392364,-104.9848623
DE,Deere & Co.,Industrials,Agricultural & Farm Machinery,Moline, Illinois,315189,41.5067003,-90.5151342
DAL,Delta Air Lines Inc.,Industrials,Airlines,Atlanta, Georgia,27904,33.7490987,-84.3901849
XRAY,Dentsply Sirona,Health Care,Health Care Supplies,Charlotte, North Carolina,818479,35.2272,-80.843083
DVN,Devon Energy,Energy,Oil & Gas Exploration & Production,Oklahoma City, Oklahoma,1090012,35.4729886,-97.5170536
DXCM,DexCom,Health Care,Health Care Equipment,San Diego, California,1093557,32.7174209,-117.1627714
FANG,Diamondback Energy,Energy,Oil & Gas Exploration & Production,Midland, Texas,1539838,31.9973662,-102.0779482
DLR,Digital Realty Trust Inc,Real Estate,Specialized REITs,San Francisco, California,1297996,37.7790262,-122.4199061
DFS,Discover Financial Services,Financials,Consumer Finance,Riverwoods, Illinois,1393612,42.1676068,-87.8970986
DISCA,"Discovery, Inc. (Class A)",Communication Services,Broadcasting,Silver Spring, Maryland,1437107,38.9959461,-77.0276231
DISCK,"Discovery, Inc. (Class C)",Communication Services,Broadcasting,Silver Spring, Maryland,1437107,38.9959461,-77.0276231
DISH,Dish Network,Communication Services,Cable & Satellite,Meridian, Colorado,1001082,32.3643098,-88.703656
DG,Dollar General,Consumer Discretionary,General Merchandise Stores,Goodlettsville, Tennessee,29534,36.3349115,-86.70533913
DLTR,Dollar Tree,Consumer Discretionary,General Merchandise Stores,Chesapeake, Virginia,935703,36.7183708,-76.2466798
D,Dominion Energy,Utilities,Electric Utilities,Richmond, Virginia,715957,37.5385087,-77.43428
DPZ,Domino's Pizza,Consumer Discretionary,Restaurants,Ann Arbor, Michigan,1286681,42.2681569,-83.7312291
DOV,Dover Corporation,Industrials,Industrial Machinery,Downers Grove, Illinois,29905,41.7936822,-88.0102281
DOW,Dow Inc.,Materials,Commodity Chemicals,Midland, Michigan,1751788,31.9973662,-102.0779482
DTE,DTE Energy Co.,Utilities,Multi-Utilities,Detroit, Michigan,936340,42.3315509,-83.0466403
DUK,Duke Energy,Utilities,Electric Utilities,Charlotte, North Carolina,1326160,35.2272,-80.843083
DRE,Duke Realty Corp,Real Estate,Industrial REITs,Indianapolis, Indiana,783280,39.7683331,-86.1583502
DD,DuPont de Nemours Inc,Materials,Specialty Chemicals,Midland, Michigan,1666700,31.9973662,-102.0779482
DXC,DXC Technology,Information Technology,IT Consulting & Other Services,Tysons Corner, Virginia,1688568,38.916509,-77.22578585
EMN,Eastman Chemical,Materials,Diversified Chemicals,Kingsport, Tennessee,915389,36.550238,-82.5594293
ETN,Eaton Corporation,Industrials,Electrical Components & Equipment,Dublin, Ireland,1551182,53.3497645,-6.2602732
EBAY,eBay Inc.,Consumer Discretionary,Internet & Direct Marketing Retail,San Jose, California,1065088,37.3361905,-121.8905833
ECL,Ecolab Inc.,Materials,Specialty Chemicals,St. Paul, Minnesota,31462,44.9504037,-93.1015026
EIX,Edison Int'l,Utilities,Electric Utilities,Rosemead, California,827052,34.0676169,-118.0879763
EW,Edwards Lifesciences,Health Care,Health Care Equipment,Irvine, California,1099800,33.6856969,-117.8259819
EA,Electronic Arts,Communication Services,Interactive Home Entertainment,Redwood City, California,712515,37.4863239,-122.232523
EMR,Emerson Electric Company,Industrials,Electrical Components & Equipment,Ferguson, Missouri,32604,38.744707,-90.3038975
ETR,Entergy Corp.,Utilities,Electric Utilities,New Orleans, Louisiana,65984,29.9499323,-90.0701156
EOG,EOG Resources,Energy,Oil & Gas Exploration & Production,Houston, Texas,821189,29.7589382,-95.3676974
EFX,Equifax Inc.,Industrials,Research & Consulting Services,Atlanta, Georgia,33185,33.7490987,-84.3901849
EQIX,Equinix,Real Estate,Specialized REITs,Redwood City, California,1101239,37.4863239,-122.232523
EQR,Equity Residential,Real Estate,Residential REITs,Chicago, Illinois,906107,41.8755616,-87.6244212
ESS,"Essex Property Trust, Inc.",Real Estate,Residential REITs,San Mateo, California,920522,37.496904,-122.3330573
EL,Estée Lauder Companies,Consumer Staples,Personal Products,New York, New York,1001250,40.7127281,-74.0060152
ETSY,Etsy,Consumer Discretionary,Internet & Direct Marketing Retail,Brooklyn, New York,1370637,40.6501038,-73.9495823
EVRG,Evergy,Utilities,Electric Utilities,Kansas City, Missouri,1711269,39.100105,-94.5781416
ES,Eversource Energy,Utilities,Multi-Utilities,Springfield, Massachusetts,72741,39.7990175,-89.6439575
RE,Everest Re Group Ltd.,Financials,Reinsurance,Hamilton, Bermuda,1095073,43.2560802,-79.8728583
EXC,Exelon Corp.,Utilities,Multi-Utilities,Chicago, Illinois,1109357,41.8755616,-87.6244212
EXPE,Expedia Group,Consumer Discretionary,Internet & Direct Marketing Retail,Seattle, Washington,1324424,47.6038321,-122.3300624
EXPD,Expeditors,Industrials,Air Freight & Logistics,Seattle, Washington,746515,47.6038321,-122.3300624
EXR,Extra Space Storage,Real Estate,Specialized REITs,Salt Lake City, Utah,1289490,40.7596198,-111.8867975
XOM,Exxon Mobil Corp.,Energy,Integrated Oil & Gas,Irving, Texas,34088,32.8295183,-96.9442177
FFIV,F5 Networks,Information Technology,Communications Equipment,Seattle, Washington,1048695,47.6038321,-122.3300624
FB,"Facebook, Inc.",Communication Services,Interactive Media & Services,Menlo Park, California,1326801,37.4519671,-122.1779927
FAST,Fastenal Co,Industrials,Building Products,Winona, Minnesota,815556,43.9582272,-91.7807784
FRT,Federal Realty Investment Trust,Real Estate,Retail REITs,Rockville, Maryland,34903,39.0840054,-77.1527573
FDX,FedEx Corporation,Industrials,Air Freight & Logistics,Memphis, Tennessee,1048911,35.1490215,-90.0516285
FIS,Fidelity National Information Services,Information Technology,Data Processing & Outsourced Services,Jacksonville, Florida,1136893,30.3321838,-81.655651
FITB,Fifth Third Bancorp,Financials,Regional Banks,Cincinnati, Ohio,35527,39.1014537,-84.5124602
FE,FirstEnergy Corp,Utilities,Electric Utilities,Akron, Ohio,1031296,41.083064,-81.518485
FRC,First Republic Bank,Financials,Regional Banks,San Francisco, California,1132979,37.7790262,-122.4199061
FISV,Fiserv Inc,Information Technology,Data Processing & Outsourced Services,Brookfield, Wisconsin,798354,41.8228378,-87.848085
FLT,FleetCor Technologies Inc,Information Technology,Data Processing & Outsourced Services,Norcross, Georgia,1175454,33.9412127,-84.2135309
FLIR,FLIR Systems,Information Technology,Electronic Equipment & Instruments,Wilsonville, Oregon,354908,45.3099218,-122.7681602
FLS,Flowserve Corporation,Industrials,Industrial Machinery,Irving, Texas,30625,32.8295183,-96.9442177
FMC,FMC Corporation,Materials,Fertilizers & Agricultural Chemicals,Philadelphia, Pennsylvania,37785,39.9527237,-75.1635262
F,Ford Motor Company,Consumer Discretionary,Automobile Manufacturers,Dearborn, Michigan,37996,42.3222599,-83.1763145
FTNT,Fortinet,Information Technology,Systems Software,Sunnyvale, California,1262039,37.3688301,-122.0363496
FTV,Fortive Corp,Industrials,Industrial Machinery,Everett, Washington,1659166,47.9673056,-122.2013998
FBHS,Fortune Brands Home & Security,Industrials,Building Products,Deerfield, Illinois,1519751,42.1711365,-87.8445119
FOXA,Fox Corporation (Class A),Communication Services,Movies & Entertainment,New York, New York,1754301,40.7127281,-74.0060152
FOX,Fox Corporation (Class B),Communication Services,Movies & Entertainment,New York, New York,1754301,40.7127281,-74.0060152
BEN,Franklin Resources,Financials,Asset Management & Custody Banks,San Mateo, California,38777,37.496904,-122.3330573
FCX,Freeport-McMoRan Inc.,Materials,Copper,Phoenix, Arizona,831259,33.4484367,-112.0741417
GPS,Gap Inc.,Consumer Discretionary,Apparel Retail,San Francisco, California,39911,37.7790262,-122.4199061
GRMN,Garmin Ltd.,Consumer Discretionary,Consumer Electronics,Schaffhausen, Switzerland,1121788,47.6960491,8.634513
IT,Gartner Inc,Information Technology,IT Consulting & Other Services,Stamford, Connecticut,749251,41.0534302,-73.5387341
GD,General Dynamics,Industrials,Aerospace & Defense,Falls Church, Virginia,40533,38.882334,-77.1710914
GE,General Electric,Industrials,Industrial Conglomerates,Boston, Massachusetts,40545,42.3602534,-71.0582912
GIS,General Mills,Consumer Staples,Packaged Foods & Meats,Golden Valley, Minnesota,40704,46.3040364,-109.1714312
GM,General Motors,Consumer Discretionary,Automobile Manufacturers,Detroit, Michigan,1467858,42.3315509,-83.0466403
GPC,Genuine Parts,Consumer Discretionary,Specialty Stores,Atlanta, Georgia,40987,33.7490987,-84.3901849
GILD,Gilead Sciences,Health Care,Biotechnology,Foster City, California,882095,37.5600336,-122.2688522
GL,Globe Life Inc.,Financials,Life & Health Insurance,McKinney, Texas,320335,33.1976496,-96.6154471
GPN,Global Payments Inc.,Information Technology,Data Processing & Outsourced Services,Atlanta, Georgia,1123360,33.7490987,-84.3901849
GS,Goldman Sachs Group,Financials,Investment Banking & Brokerage,New York, New York,886982,40.7127281,-74.0060152
GWW,Grainger (W.W.) Inc.,Industrials,Industrial Machinery,Lake Forest, Illinois,277135,42.2586342,-87.840625
HAL,Halliburton Co.,Energy,Oil & Gas Equipment & Services,Houston, Texas,45012,29.7589382,-95.3676974
HBI,Hanesbrands Inc,Consumer Discretionary,"Apparel, Accessories & Luxury Goods",Winston-Salem, North Carolina,1359841,36.0998131,-80.2440518
HIG,Hartford Financial Svc.Gp.,Financials,Property & Casualty Insurance,Hartford, Connecticut,874766,41.7655582,-72.69061276
HAS,Hasbro Inc.,Consumer Discretionary,Leisure Products,Pawtucket, Rhode Island,46080,41.878711,-71.3825558
HCA,HCA Healthcare,Health Care,Health Care Facilities,Nashville, Tennessee,860730,36.1622296,-86.7743531
PEAK,Healthpeak Properties,Real Estate,Health Care REITs,Long Beach, California,765880,33.7690164,-118.1916048
HSIC,Henry Schein,Health Care,Health Care Distributors,Melville, New York,1000228,50.9335164,-102.8078608
HSY,The Hershey Company,Consumer Staples,Packaged Foods & Meats,Hershey, Pennsylvania,47111,40.2854881,-76.6506001
HES,Hess Corporation,Energy,Integrated Oil & Gas,New York, New York,4447,40.7127281,-74.0060152
HPE,Hewlett Packard Enterprise,Information Technology,"Technology Hardware, Storage & Peripherals",Palo Alto, California,1645590,37.4443293,-122.1598465
HLT,Hilton Worldwide Holdings Inc,Consumer Discretionary,"Hotels, Resorts & Cruise Lines",Tysons Corner, Virginia,1585689,38.916509,-77.22578585
HFC,HollyFrontier Corp,Energy,Oil & Gas Refining & Marketing,Dallas, Texas,48039,32.7762719,-96.7968559
HOLX,Hologic,Health Care,Health Care Equipment,Marlborough, Massachusetts,859737,42.3459271,-71.5522874
HD,Home Depot,Consumer Discretionary,Home Improvement Retail,Atlanta, Georgia,354950,33.7490987,-84.3901849
HON,Honeywell Int'l Inc.,Industrials,Industrial Conglomerates,Morristown, New Jersey,773840,40.7970384,-74.4809492
HRL,Hormel Foods Corp.,Consumer Staples,Packaged Foods & Meats,Austin, Minnesota,48465,30.2711286,-97.7436995
HST,Host Hotels & Resorts,Real Estate,Hotel & Resort REITs,Bethesda, Maryland,1070750,38.9819845,-77.12423413
HWM,Howmet Aerospace,Industrials,Aerospace & Defense,Pittsburgh, Pennsylvania,4281,40.4416941,-79.9900861
HPQ,HP Inc.,Information Technology,"Technology Hardware, Storage & Peripherals",Palo Alto, California,47217,37.4443293,-122.1598465
HUM,Humana Inc.,Health Care,Managed Health Care,Louisville, Kentucky,49071,38.2542376,-85.759407
HBAN,Huntington Bancshares,Financials,Regional Banks,Columbus, Ohio,49196,39.9622601,-83.0007065
HII,Huntington Ingalls Industries,Industrials,Aerospace & Defense,Newport News, Virginia,1501585,36.9786449,-76.4321089
IEX,IDEX Corporation,Industrials,Industrial Machinery,Lake Forest, Illinois,832101,42.2586342,-87.840625
IDXX,IDEXX Laboratories,Health Care,Health Care Equipment,Westbrook, Maine,874716,32.3582062,-101.0128064
INFO,IHS Markit Ltd.,Industrials,Research & Consulting Services,London, United Kingdom,1598014,51.5073219,-0.1276474
ITW,Illinois Tool Works,Industrials,Industrial Machinery,Glenview, Illinois,49826,38.3084193,-85.6505526
ILMN,Illumina Inc,Health Care,Life Sciences Tools & Services,San Diego, California,1110803,32.7174209,-117.1627714
INCY,Incyte,Health Care,Biotechnology,Wilmington, Delaware,879169,39.7459468,-75.546589
IR,Ingersoll Rand,Industrials,Industrial Machinery,Milwaukee, Wisconsin,1699150,43.0349931,-87.922497
INTC,Intel Corp.,Information Technology,Semiconductors,Santa Clara, California,50863,37.2333253,-121.6846349
ICE,Intercontinental Exchange,Financials,Financial Exchanges & Data,Atlanta, Georgia,1571949,33.7490987,-84.3901849
IBM,International Business Machines,Information Technology,IT Consulting & Other Services,Armonk, New York,51143,41.1330485,-73.71262372
IP,International Paper,Materials,Paper Packaging,Memphis, Tennessee,51434,35.1490215,-90.0516285
IPG,Interpublic Group,Communication Services,Advertising,New York, New York,51644,40.7127281,-74.0060152
IFF,International Flavors & Fragrances,Materials,Specialty Chemicals,New York, New York,51253,40.7127281,-74.0060152
INTU,Intuit Inc.,Information Technology,Application Software,Mountain View, California,896878,37.3893889,-122.0832101
ISRG,Intuitive Surgical Inc.,Health Care,Health Care Equipment,Sunnyvale, California,1035267,37.3688301,-122.0363496
IVZ,Invesco Ltd.,Financials,Asset Management & Custody Banks,Atlanta, Georgia,914208,33.7490987,-84.3901849
IPGP,IPG Photonics Corp.,Information Technology,Electronic Manufacturing Services,Oxford, Massachusetts,1111928,39.7852062,-75.9790215
IQV,IQVIA Holdings Inc.,Health Care,Life Sciences Tools & Services,Durham, North Carolina,1478242,35.996653,-78.9018053
IRM,Iron Mountain Incorporated,Real Estate,Specialized REITs,Boston, Massachusetts,1020569,42.3602534,-71.0582912
JKHY,Jack Henry & Associates,Information Technology,Data Processing & Outsourced Services,Monett, Missouri,779152,36.9289518,-93.9277149
J,Jacobs Engineering Group,Industrials,Construction & Engineering,Dallas, Texas,52988,32.7762719,-96.7968559
JBHT,J. B. Hunt Transport Services,Industrials,Trucking,Lowell, Arkansas,728535,42.6334247,-71.3161718
SJM,JM Smucker,Consumer Staples,Packaged Foods & Meats,Orrville, Ohio,91419,32.3062505,-87.2455492
JNJ,Johnson & Johnson,Health Care,Pharmaceuticals,New Brunswick, New Jersey,200406,46.500283,-66.750183
JCI,Johnson Controls International,Industrials,Building Products,Cork, Ireland,833444,51.898627,-8.4705942
JPM,JPMorgan Chase & Co.,Financials,Diversified Banks,New York, New York,19617,40.7127281,-74.0060152
JNPR,Juniper Networks,Information Technology,Communications Equipment,Sunnyvale, California,1043604,37.3688301,-122.0363496
KSU,Kansas City Southern,Industrials,Railroads,Kansas City, Missouri,54480,39.100105,-94.5781416
K,Kellogg Co.,Consumer Staples,Packaged Foods & Meats,Battle Creek, Michigan,55067,42.3192548,-85.1824269
KEY,KeyCorp,Financials,Regional Banks,Cleveland, Ohio,91576,41.5051613,-81.6934446
KEYS,Keysight Technologies,Information Technology,Electronic Equipment & Instruments,Santa Rosa, California,1601046,14.15015235,-90.35088184
KMB,Kimberly-Clark,Consumer Staples,Household Products,Irving, Texas,55785,32.8295183,-96.9442177
KIM,Kimco Realty,Real Estate,Retail REITs,New Hyde Park, New York,879101,40.7308451,-73.6805499
KMI,Kinder Morgan,Energy,Oil & Gas Storage & Transportation,Houston, Texas,1506307,29.7589382,-95.3676974
KLAC,KLA Corporation,Information Technology,Semiconductor Equipment,Milpitas, California,319201,37.4282724,-121.9066238
KHC,Kraft Heinz Co,Consumer Staples,Packaged Foods & Meats,Chicago, Illinois; Pittsburgh,1637459,41.8755616,-87.6244212
KR,Kroger Co.,Consumer Staples,Food Retail,Cincinnati, Ohio,56873,39.1014537,-84.5124602
LB,L Brands Inc.,Consumer Discretionary,Apparel Retail,Columbus, Ohio,701985,39.9622601,-83.0007065
LHX,L3Harris Technologies,Industrials,Aerospace & Defense,Melbourne, Florida,202058,-37.8142176,144.9631608
LH,Laboratory Corp. of America Holding,Health Care,Health Care Services,Burlington, North Carolina,920148,44.4762975,-73.2135472
LRCX,Lam Research,Information Technology,Semiconductor Equipment,Fremont, California,707549,37.5482697,-121.9885719
LW,Lamb Weston Holdings Inc,Consumer Staples,Packaged Foods & Meats,Eagle, Idaho,1679273,39.6161124,-106.7172844
LVS,Las Vegas Sands,Consumer Discretionary,Casinos & Gaming,Las Vegas, Nevada,1300514,36.1672559,-115.1485163
LEG,Leggett & Platt,Consumer Discretionary,Home Furnishings,Carthage, Missouri,58492,32.1570412,-94.338114
LDOS,Leidos Holdings,Information Technology,IT Consulting & Other Services,Reston, Virginia,1336920,38.9583737,-77.3579805
LEN,Lennar Corp.,Consumer Discretionary,Homebuilding,Miami, Florida,920760,25.7742658,-80.1936589
LLY,Lilly (Eli) & Co.,Health Care,Pharmaceuticals,Indianapolis, Indiana,59478,39.7683331,-86.1583502
LNC,Lincoln National,Financials,Multi-line Insurance,Radnor, Pennsylvania,59558,40.0463001,-75.3595487
LIN,Linde plc,Materials,Industrial Gases,Guildford, Surrey,1707925,51.2356068,-0.5732063
LYV,Live Nation Entertainment,Communication Services,Movies & Entertainment,Beverly Hills, California,1335258,34.0696501,-118.3963062
LKQ,LKQ Corporation,Consumer Discretionary,Distributors,Chicago, Illinois,1065696,41.8755616,-87.6244212
LMT,Lockheed Martin Corp.,Industrials,Aerospace & Defense,Bethesda, Maryland,936468,38.9819845,-77.12423413
L,Loews Corp.,Financials,Multi-line Insurance,New York, New York,60086,40.7127281,-74.0060152
LOW,Lowe's Cos.,Consumer Discretionary,Home Improvement Retail,Mooresville, North Carolina,60667,35.5848596,-80.8100724
LUMN,Lumen Technologies,Communication Services,Alternative Carriers,Monroe, Louisiana,18926,38.2722313,-90.1792484
LYB,LyondellBasell,Materials,Specialty Chemicals,Rotterdam, Netherlands,1489393,51.9228934,4.4631786
MTB,M&T Bank Corp.,Financials,Regional Banks,Buffalo, New York,36270,42.8867166,-78.8783922
MRO,Marathon Oil Corp.,Energy,Oil & Gas Exploration & Production,Houston, Texas,101778,29.7589382,-95.3676974
MPC,Marathon Petroleum,Energy,Oil & Gas Refining & Marketing,Findlay, Ohio,1510295,41.0413873,-83.6503982
MKTX,MarketAxess,Financials,Financial Exchanges & Data,New York, New York,1278021,40.7127281,-74.0060152
MAR,Marriott Int'l.,Consumer Discretionary,"Hotels, Resorts & Cruise Lines",Bethesda, Maryland,1048286,38.9819845,-77.12423413
MMC,Marsh & McLennan,Financials,Insurance Brokers,New York, New York,62709,40.7127281,-74.0060152
MLM,Martin Marietta Materials,Materials,Construction Materials,Raleigh, North Carolina,916076,35.7803977,-78.6390989
MAS,Masco Corp.,Industrials,Building Products,Livonia, Michigan,62996,42.36837,-83.3527097
MA,Mastercard Inc.,Information Technology,Data Processing & Outsourced Services,Harrison, New York,1141391,32.5233959,-94.3982158
MKC,McCormick & Co.,Consumer Staples,Packaged Foods & Meats,Hunt Valley, Maryland,63754,39.4962709,-76.6542571
MXIM,Maxim Integrated Products Inc,Information Technology,Semiconductors,San Jose, California,743316,37.3361905,-121.8905833
MCD,McDonald's Corp.,Consumer Discretionary,Restaurants,Chicago, Illinois,63908,41.8755616,-87.6244212
MCK,McKesson Corp.,Health Care,Health Care Distributors,Irving, Texas,927653,32.8295183,-96.9442177
MDT,Medtronic plc,Health Care,Health Care Equipment,Dublin, Ireland,1613103,53.3497645,-6.2602732
MRK,Merck & Co.,Health Care,Pharmaceuticals,Kenilworth, New Jersey,310158,42.0894728,-87.7149295
MET,MetLife Inc.,Financials,Life & Health Insurance,New York, New York,1099219,40.7127281,-74.0060152
MTD,Mettler Toledo,Health Care,Life Sciences Tools & Services,Columbus, Ohio,1037646,39.9622601,-83.0007065
MGM,MGM Resorts International,Consumer Discretionary,Casinos & Gaming,Paradise, Nevada,789570,36.1150858,-115.1734142
MCHP,Microchip Technology,Information Technology,Semiconductors,Chandler, Arizona,827054,33.3062223,-111.8413317
MU,Micron Technology,Information Technology,Semiconductors,Boise, Idaho,723125,43.6166163,-116.200886
MSFT,Microsoft Corp.,Information Technology,Systems Software,Redmond, Washington,789019,47.6694141,-122.1238767
MAA,Mid-America Apartments,Real Estate,Residential REITs,Memphis, Tennessee,912595,35.1490215,-90.0516285
MHK,Mohawk Industries,Consumer Discretionary,Home Furnishings,Calhoun, Georgia,851968,28.5031572,-96.6736551
TAP,Molson Coors Beverage Company,Consumer Staples,Brewers,Denver, Colorado,24545,39.7392364,-104.9848623
MDLZ,Mondelez International,Consumer Staples,Packaged Foods & Meats,Chicago, Illinois,1103982,41.8755616,-87.6244212
MNST,Monster Beverage,Consumer Staples,Soft Drinks,Corona, California,865752,33.8752945,-117.5664449
MCO,Moody's Corp,Financials,Financial Exchanges & Data,New York, New York,1059556,40.7127281,-74.0060152
MS,Morgan Stanley,Financials,Investment Banking & Brokerage,New York, New York,895421,40.7127281,-74.0060152
MOS,The Mosaic Company,Materials,Fertilizers & Agricultural Chemicals,Tampa, Florida,1285785,27.9477595,-82.458444
MSI,Motorola Solutions Inc.,Information Technology,Communications Equipment,Chicago, Illinois,68505,41.8755616,-87.6244212
MSCI,MSCI Inc,Financials,Financial Exchanges & Data,New York, New York,1408198,40.7127281,-74.0060152
NDAQ,"Nasdaq, Inc.",Financials,Financial Exchanges & Data,New York, New York,1120193,40.7127281,-74.0060152
NOV,National Oilwell Varco Inc.,Energy,Oil & Gas Equipment & Services,Houston, Texas,1021860,29.7589382,-95.3676974
NTAP,NetApp,Information Technology,"Technology Hardware, Storage & Peripherals",Sunnyvale, California,1002047,37.3688301,-122.0363496
NFLX,Netflix Inc.,Communication Services,Movies & Entertainment,Los Gatos, California,1065280,37.226611,-121.9746797
NWL,Newell Brands,Consumer Discretionary,Housewares & Specialties,Atlanta, Georgia,814453,33.7490987,-84.3901849
NEM,Newmont Corporation,Materials,Gold,Denver, Colorado,1164727,39.7392364,-104.9848623
NWSA,News Corp. Class A,Communication Services,Publishing,New York, New York,1564708,40.7127281,-74.0060152
NWS,News Corp. Class B,Communication Services,Publishing,New York, New York,1564708,40.7127281,-74.0060152
NEE,NextEra Energy,Utilities,Multi-Utilities,Juno Beach, Florida,753308,49.3364567,-0.451253318
NLSN,Nielsen Holdings,Industrials,Research & Consulting Services,New York, New York,1492633,40.7127281,-74.0060152
NKE,"Nike, Inc.",Consumer Discretionary,"Apparel, Accessories & Luxury Goods",Washington County, Oregon,320187,30.2226352,-96.3936114
NI,NiSource Inc.,Utilities,Multi-Utilities,Merrillville, Indiana,1111711,41.4828144,-87.3328139
NSC,Norfolk Southern Corp.,Industrials,Railroads,Norfolk, Virginia,702165,52.666667,1
NTRS,Northern Trust Corp.,Financials,Asset Management & Custody Banks,Chicago, Illinois,73124,41.8755616,-87.6244212
NOC,Northrop Grumman,Industrials,Aerospace & Defense,West Falls Church, Virginia,1133421,38.8656969,-77.201138
NLOK,NortonLifeLock,Information Technology,Application Software,Tempe, Arizona,849399,33.4255056,-111.9400125
NCLH,Norwegian Cruise Line Holdings,Consumer Discretionary,"Hotels, Resorts & Cruise Lines",Miami, Florida,1513761,25.7742658,-80.1936589
NRG,NRG Energy,Utilities,Independent Power Producers & Energy Traders,Princeton, New Jersey,1013871,40.3492744,-74.6592958
NUE,Nucor Corp.,Materials,Steel,Charlotte, North Carolina,73309,35.2272,-80.843083
NVDA,Nvidia Corporation,Information Technology,Semiconductors,Santa Clara, California,1045810,37.2333253,-121.6846349
NVR,"NVR, Inc.",Consumer Discretionary,Homebuilding,Reston, Virginia,906163,38.9583737,-77.3579805
ORLY,O'Reilly Automotive,Consumer Discretionary,Specialty Stores,Springfield, Missouri,898173,39.7990175,-89.6439575
OXY,Occidental Petroleum,Energy,Oil & Gas Exploration & Production,Houston, Texas,797468,29.7589382,-95.3676974
ODFL,Old Dominion Freight Line,Industrials,Trucking,Thomasville, North Carolina,878927,35.8831786,-80.081817
OMC,Omnicom Group,Communication Services,Advertising,New York, New York,29989,40.7127281,-74.0060152
OKE,ONEOK,Energy,Oil & Gas Storage & Transportation,Tulsa, Oklahoma,1039684,36.1556805,-95.9929113
ORCL,Oracle Corp.,Information Technology,Application Software,Redwood Shores, California,1341439,37.5318804,-122.2480219
OTIS,Otis Worldwide,Industrials,Industrial Machinery,Farmington, Connecticut,1781335,44.6402434,-93.1435497
PCAR,PACCAR Inc.,Industrials,Construction Machinery & Heavy Trucks,Bellevue, Washington,75362,47.6144219,-122.1923372
PKG,Packaging Corporation of America,Materials,Paper Packaging,Lake Forest, Illinois,75677,42.2586342,-87.840625
PH,Parker-Hannifin,Industrials,Industrial Machinery,Cleveland, Ohio,76334,41.5051613,-81.6934446
PAYX,Paychex Inc.,Information Technology,Data Processing & Outsourced Services,Penfield, New York,723531,43.1301133,-77.4759588
PAYC,Paycom,Information Technology,Application Software,Oklahoma City, Oklahoma,1590955,35.4729886,-97.5170536
PYPL,PayPal,Information Technology,Data Processing & Outsourced Services,San Jose, California,1633917,37.3361905,-121.8905833
PNR,Pentair plc,Industrials,Industrial Machinery,Worsley, UK,77360,53.4999331,-2.3783778
PBCT,People's United Financial,Financials,Thrifts & Mortgage Finance,Bridgeport, Connecticut,1378946,41.1670412,-73.2048348
PEP,PepsiCo Inc.,Consumer Staples,Soft Drinks,Purchase, New York,77476,41.0409305,-73.7145746
PKI,PerkinElmer,Health Care,Health Care Equipment,Waltham, Massachusetts,31791,42.3756401,-71.2358004
PRGO,Perrigo,Health Care,Pharmaceuticals,Dublin, Ireland,1585364,53.3497645,-6.2602732
PFE,Pfizer Inc.,Health Care,Pharmaceuticals,New York, New York,78003,40.7127281,-74.0060152
PM,Philip Morris International,Consumer Staples,Tobacco,New York, New York,1413329,40.7127281,-74.0060152
PSX,Phillips 66,Energy,Oil & Gas Refining & Marketing,Houston, Texas,1534701,29.7589382,-95.3676974
PNW,Pinnacle West Capital,Utilities,Multi-Utilities,Phoenix, Arizona,764622,33.4484367,-112.0741417
PXD,Pioneer Natural Resources,Energy,Oil & Gas Exploration & Production,Irving, Texas,1038357,32.8295183,-96.9442177
PNC,PNC Financial Services,Financials,Regional Banks,Pittsburgh, Pennsylvania,713676,40.4416941,-79.9900861
POOL,Pool Corporation,Consumer Discretionary,Distributors,Covington, Louisiana,945841,39.0836224,-84.508371
PPG,PPG Industries,Materials,Specialty Chemicals,Pittsburgh, Pennsylvania,79879,40.4416941,-79.9900861
PPL,PPL Corp.,Utilities,Electric Utilities,Allentown, Pennsylvania,922224,40.6022059,-75.4712794
PFG,Principal Financial Group,Financials,Life & Health Insurance,Des Moines, Iowa,1126328,41.5910641,-93.6037149
PG,Procter & Gamble,Consumer Staples,Personal Products,Cincinnati, Ohio,80424,39.1014537,-84.5124602
PGR,Progressive Corp.,Financials,Property & Casualty Insurance,Mayfield Village, Ohio,80661,54.6648293,-5.9803522
PLD,Prologis,Real Estate,Industrial REITs,San Francisco, California,1045609,37.7790262,-122.4199061
PRU,Prudential Financial,Financials,Life & Health Insurance,Newark, New Jersey,1137774,40.735657,-74.1723667
PEG,Public Service Enterprise Group (PSEG),Utilities,Electric Utilities,Newark, New Jersey,788784,40.735657,-74.1723667
PSA,Public Storage,Real Estate,Specialized REITs,Glendale, California,1393311,34.1469416,-118.2478471
PHM,PulteGroup,Consumer Discretionary,Homebuilding,Atlanta, Georgia,822416,33.7490987,-84.3901849
PVH,PVH Corp.,Consumer Discretionary,"Apparel, Accessories & Luxury Goods",New York, New York,78239,40.7127281,-74.0060152
QRVO,Qorvo,Information Technology,Semiconductors,Greensboro, North Carolina,1604778,36.0726355,-79.7919754
PWR,Quanta Services Inc.,Industrials,Construction & Engineering,Houston, Texas,1050915,29.7589382,-95.3676974
QCOM,QUALCOMM Inc.,Information Technology,Semiconductors,San Diego, California,804328,32.7174209,-117.1627714
DGX,Quest Diagnostics,Health Care,Health Care Services,Secaucus, New Jersey,1022079,40.7899291,-74.0566735
RL,Ralph Lauren Corporation,Consumer Discretionary,"Apparel, Accessories & Luxury Goods",New York, New York,1037038,40.7127281,-74.0060152
RJF,Raymond James Financial Inc.,Financials,Investment Banking & Brokerage,St. Petersburg, Florida,720005,59.938732,30.316229
RTX,Raytheon Technologies,Industrials,Aerospace & Defense,Waltham, Massachusetts,101829,42.3756401,-71.2358004
O,Realty Income Corporation,Real Estate,Retail REITs,San Diego, California,726728,32.7174209,-117.1627714
REG,Regency Centers Corporation,Real Estate,Retail REITs,Jacksonville, Florida,910606,30.3321838,-81.655651
REGN,Regeneron Pharmaceuticals,Health Care,Biotechnology,Tarrytown, New York,872589,41.0762077,-73.8587461
RF,Regions Financial Corp.,Financials,Regional Banks,Birmingham, Alabama,1281761,52.4796992,-1.9026911
RSG,Republic Services Inc,Industrials,Environmental & Facilities Services,Phoenix, Arizona,1060391,33.4484367,-112.0741417
RMD,ResMed,Health Care,Health Care Equipment,San Diego, California,943819,32.7174209,-117.1627714
RHI,Robert Half International,Industrials,Human Resource & Employment Services,Menlo Park, California,315213,37.4519671,-122.1779927
ROK,Rockwell Automation Inc.,Industrials,Electrical Components & Equipment,Milwaukee, Wisconsin,1024478,43.0349931,-87.922497
ROL,Rollins Inc.,Industrials,Environmental & Facilities Services,Atlanta, Georgia,84839,33.7490987,-84.3901849
ROP,Roper Technologies,Industrials,Industrial Conglomerates,Sarasota, Florida,882835,27.3364347,-82.5306527
ROST,Ross Stores,Consumer Discretionary,Apparel Retail,Dublin, California,745732,53.3497645,-6.2602732
RCL,Royal Caribbean Group,Consumer Discretionary,"Hotels, Resorts & Cruise Lines",Miami, Florida,884887,25.7742658,-80.1936589
SPGI,"S&P Global, Inc.",Financials,Financial Exchanges & Data,New York, New York,64040,40.7127281,-74.0060152
CRM,Salesforce.com,Information Technology,Application Software,San Francisco, California,1108524,37.7790262,-122.4199061
SBAC,SBA Communications,Real Estate,Specialized REITs,Boca Raton, Florida,1034054,26.3586885,-80.0830984
SLB,Schlumberger Ltd.,Energy,Oil & Gas Equipment & Services,Curaçao, Kingdom of the Netherlands,87347,12.1845,-68.9640875
STX,Seagate Technology,Information Technology,"Technology Hardware, Storage & Peripherals",Dublin, Ireland,1137789,53.3497645,-6.2602732
SEE,Sealed Air,Materials,Paper Packaging,Charlotte, North Carolina,1012100,35.2272,-80.843083
SRE,Sempra Energy,Utilities,Multi-Utilities,San Diego, California,1032208,32.7174209,-117.1627714
NOW,ServiceNow,Information Technology,Systems Software,Santa Clara, California,1373715,37.2333253,-121.6846349
SHW,Sherwin-Williams,Materials,Specialty Chemicals,Cleveland, Ohio,89800,41.5051613,-81.6934446
SPG,Simon Property Group Inc,Real Estate,Retail REITs,Indianapolis, Indiana,1063761,39.7683331,-86.1583502
SWKS,Skyworks Solutions,Information Technology,Semiconductors,Woburn, Massachusetts,4127,42.4792618,-71.1522766
SLG,SL Green Realty,Real Estate,Office REITs,New York, New York,1040971,40.7127281,-74.0060152
SNA,Snap-on,Industrials,Industrial Machinery,Kenosha, Wisconsin,91440,42.5846773,-87.8212263
SO,Southern Company,Utilities,Electric Utilities,Atlanta, Georgia,92122,33.7490987,-84.3901849
LUV,Southwest Airlines,Industrials,Airlines,Dallas, Texas,92380,32.7762719,-96.7968559
SWK,Stanley Black & Decker,Industrials,Industrial Machinery,New Britain, Connecticut,93556,-5.2245435,151.5570784
SBUX,Starbucks Corp.,Consumer Discretionary,Restaurants,Seattle, Washington,829224,47.6038321,-122.3300624
STT,State Street Corp.,Financials,Asset Management & Custody Banks,Boston, Massachusetts,93751,42.3602534,-71.0582912
STE,STERIS plc,Health Care,Health Care Equipment,Dublin, Ireland,1757898,53.3497645,-6.2602732
SYK,Stryker Corp.,Health Care,Health Care Equipment,Kalamazoo, Michigan,310764,42.291707,-85.5872286
SIVB,SVB Financial,Financials,Regional Banks,Santa Clara, California,719739,37.2333253,-121.6846349
SYF,Synchrony Financial,Financials,Consumer Finance,Stamford, Connecticut,1601712,41.0534302,-73.5387341
SNPS,Synopsys Inc.,Information Technology,Application Software,Mountain View, California,883241,37.3893889,-122.0832101
SYY,Sysco Corp.,Consumer Staples,Food Distributors,Houston, Texas,96021,29.7589382,-95.3676974
TMUS,T-Mobile US,Communication Services,Wireless Telecommunication Services,Bellevue, Washington,1283699,47.6144219,-122.1923372
TROW,T. Rowe Price Group,Financials,Asset Management & Custody Banks,Baltimore, Maryland,1113169,39.2908816,-76.610759
TTWO,Take-Two Interactive,Communication Services,Interactive Home Entertainment,New York, New York,946581,40.7127281,-74.0060152
TPR,"Tapestry, Inc.",Consumer Discretionary,"Apparel, Accessories & Luxury Goods",New York, New York,1116132,40.7127281,-74.0060152
TGT,Target Corp.,Consumer Discretionary,General Merchandise Stores,Minneapolis, Minnesota,27419,44.9772995,-93.2654692
TEL,TE Connectivity Ltd.,Information Technology,Electronic Manufacturing Services,Schaffhausen, Switzerland,1385157,47.6960491,8.634513
FTI,TechnipFMC,Energy,Oil & Gas Equipment & Services,London, United Kingdom,1681459,51.5073219,-0.1276474
TDY,Teledyne Technologies,Industrials,Aerospace & Defense,Thousand Oaks, California,1094285,34.17142715,-118.9105877
TFX,Teleflex,Health Care,Health Care Equipment,Wayne, Pennsylvania,96943,38.4251958,-88.4197678
TER,Teradyne,Information Technology,Semiconductor Equipment,North Reading, Massachusetts,97210,42.5750939,-71.0786653
TXN,Texas Instruments,Information Technology,Semiconductors,Dallas, Texas,97476,32.7762719,-96.7968559
TXT,Textron Inc.,Industrials,Aerospace & Defense,Providence, Rhode Island,217346,41.8239891,-71.4128343
TMO,Thermo Fisher Scientific,Health Care,Life Sciences Tools & Services,Waltham, Massachusetts,97745,42.3756401,-71.2358004
TIF,Tiffany & Co.,Consumer Discretionary,"Apparel, Accessories & Luxury Goods",New York, New York,98246,40.7127281,-74.0060152
TJX,TJX Companies Inc.,Consumer Discretionary,Apparel Retail,Framingham, Massachusetts,109198,42.2792625,-71.416172
TSCO,Tractor Supply Company,Consumer Discretionary,Specialty Stores,Brentwood, Tennessee,916365,37.9317766,-121.6960266
TT,Trane Technologies plc,Industrials,Building Products,Dublin, Ireland,1466258,53.3497645,-6.2602732
TDG,TransDigm Group,Industrials,Aerospace & Defense,Cleveland, Ohio,1260221,41.5051613,-81.6934446
TRV,The Travelers Companies Inc.,Financials,Property & Casualty Insurance,New York, New York,86312,40.7127281,-74.0060152
TFC,Truist Financial,Financials,Regional Banks,Charlotte, North Carolina,92230,35.2272,-80.843083
TWTR,"Twitter, Inc.",Communication Services,Interactive Media & Services,San Francisco, California,1418091,37.7790262,-122.4199061
TYL,Tyler Technologies,Information Technology,Application Software,Plano, Texas,860731,33.0136764,-96.6925096
TSN,Tyson Foods,Consumer Staples,Packaged Foods & Meats,Springdale, Arkansas,100493,36.1867442,-94.1288142
UDR,"UDR, Inc.",Real Estate,Residential REITs,Highlands Ranch, Colorado,74208,39.5538771,-104.9694264
ULTA,Ulta Beauty,Consumer Discretionary,Specialty Stores,Bolingbrook, Illinois,1403568,41.7003302,-88.0717708
USB,U.S. Bancorp,Financials,Diversified Banks,Minneapolis, Minnesota,36104,44.9772995,-93.2654692
UAA,Under Armour (Class A),Consumer Discretionary,"Apparel, Accessories & Luxury Goods",Baltimore, Maryland,1336917,39.2908816,-76.610759
UA,Under Armour (Class C),Consumer Discretionary,"Apparel, Accessories & Luxury Goods",Baltimore, Maryland,1336917,39.2908816,-76.610759
UNP,Union Pacific Corp,Industrials,Railroads,Omaha, Nebraska,100885,41.2587459,-95.9383758
UAL,United Airlines Holdings,Industrials,Airlines,Chicago, Illinois,100517,41.8755616,-87.6244212
UNH,UnitedHealth Group Inc.,Health Care,Managed Health Care,Minnetonka, Minnesota,731766,44.9127229,-93.499059
UPS,United Parcel Service,Industrials,Air Freight & Logistics,Atlanta, Georgia,1090727,33.7490987,-84.3901849
URI,"United Rentals, Inc.",Industrials,Trading Companies & Distributors,Stamford, Connecticut,1067701,41.0534302,-73.5387341
UHS,Universal Health Services,Health Care,Health Care Facilities,King of Prussia, Pennsylvania,352915,40.09476245,-75.38513336
UNM,Unum Group,Financials,Life & Health Insurance,Chattanooga, Tennessee,5513,35.0457219,-85.3094883
VLO,Valero Energy,Energy,Oil & Gas Refining & Marketing,San Antonio, Texas,1035002,29.4246002,-98.4951405
VAR,Varian Medical Systems,Health Care,Health Care Equipment,Palo Alto, California,203527,37.4443293,-122.1598465
VTR,Ventas Inc,Real Estate,Health Care REITs,Chicago, Illinois,740260,41.8755616,-87.6244212
VRSN,Verisign Inc.,Information Technology,Internet Services & Infrastructure,Dulles, Virginia,1014473,29.456179,-98.663407
VRSK,Verisk Analytics,Industrials,Research & Consulting Services,Jersey City, New Jersey,1442145,40.7281575,-74.0776417
VZ,Verizon Communications,Communication Services,Integrated Telecommunication Services,New York, New York,732712,40.7127281,-74.0060152
VRTX,Vertex Pharmaceuticals Inc,Health Care,Biotechnology,Cambridge, Massachusetts,875320,52.2034823,0.1235817
VFC,VF Corporation,Consumer Discretionary,"Apparel, Accessories & Luxury Goods",Greensboro, North Carolina,103379,36.0726355,-79.7919754
VIAC,ViacomCBS,Communication Services,Movies & Entertainment,New York, New York,813828,40.7127281,-74.0060152
VTRS,Viatris,Health Care,Pharmaceuticals,Pittsburgh, Pennsylvania,1792044,40.4416941,-79.9900861
V,Visa Inc.,Information Technology,Data Processing & Outsourced Services,San Francisco, California,1403161,37.7790262,-122.4199061
VNT,Vontier,Information Technology,Electronic Equipment & Instruments,Raleigh, North Carolina,1786842,35.7803977,-78.6390989
VNO,Vornado Realty Trust,Real Estate,Office REITs,New York, New York,899689,40.7127281,-74.0060152
VMC,Vulcan Materials,Materials,Construction Materials,Birmingham, Alabama,1396009,52.4796992,-1.9026911
WRB,W. R. Berkley Corporation,Financials,Property & Casualty Insurance,Greenwich, Connecticut,11544,52.0367323,1.168934
WAB,Westinghouse Air Brake Technologies Corp,Industrials,Construction Machinery & Heavy Trucks,Wilmerding, Pennsylvania,943452,40.3909023,-79.8100473
WMT,Walmart,Consumer Staples,Hypermarkets & Super Centers,Bentonville, Arkansas,104169,36.3728538,-94.2088172
WBA,Walgreens Boots Alliance,Consumer Staples,Drug Retail,Deerfield, Illinois,1618921,42.1711365,-87.8445119
DIS,The Walt Disney Company,Communication Services,Movies & Entertainment,Burbank, California,1744489,34.1816482,-118.3258554
WM,Waste Management Inc.,Industrials,Environmental & Facilities Services,Houston, Texas,823768,29.7589382,-95.3676974
WAT,Waters Corporation,Health Care,Health Care Distributors,Milford, Massachusetts,1000697,41.2222218,-73.0570603
WEC,WEC Energy Group,Utilities,Electric Utilities,Milwaukee, Wisconsin,783325,43.0349931,-87.922497
WFC,Wells Fargo,Financials,Diversified Banks,San Francisco, California,72971,37.7790262,-122.4199061
WELL,Welltower Inc.,Real Estate,Health Care REITs,Toledo, Ohio,766704,39.8560679,-4.0239568
WST,West Pharmaceutical Services,Health Care,Health Care Supplies,Exton, Pennsylvania,105770,40.0289955,-75.6207651
WDC,Western Digital,Information Technology,"Technology Hardware, Storage & Peripherals",San Jose, California,106040,37.3361905,-121.8905833
WU,Western Union Co,Information Technology,Data Processing & Outsourced Services,Englewood, Colorado,1365135,39.6482059,-104.9879641
WRK,WestRock,Materials,Paper Packaging,Atlanta, Georgia,1732845,33.7490987,-84.3901849
WY,Weyerhaeuser,Real Estate,Specialized REITs,Federal Way, Washington,106535,47.313494,-122.3393103
WHR,Whirlpool Corp.,Consumer Discretionary,Household Appliances,Benton Harbor, Michigan,106640,42.1167065,-86.4541894
WMB,Williams Companies,Energy,Oil & Gas Storage & Transportation,Tulsa, Oklahoma,107263,36.1556805,-95.9929113
WLTW,Willis Towers Watson,Financials,Insurance Brokers,London, United Kingdom,1140536,51.5073219,-0.1276474
WYNN,Wynn Resorts Ltd,Consumer Discretionary,Casinos & Gaming,Paradise, Nevada,1174922,36.1150858,-115.1734142
XEL,Xcel Energy Inc,Utilities,Multi-Utilities,Minneapolis, Minnesota,72903,44.9772995,-93.2654692
XRX,Xerox,Information Technology,"Technology Hardware, Storage & Peripherals",Norwalk, Connecticut,1770450,41.1175966,-73.4078968
XLNX,Xilinx,Information Technology,Semiconductors,San Jose, California,743988,37.3361905,-121.8905833
XYL,Xylem Inc.,Industrials,Industrial Machinery,White Plains, New York,1524472,41.0339862,-73.7629097
YUM,Yum! Brands Inc,Consumer Discretionary,Restaurants,Louisville, Kentucky,1041061,38.2542376,-85.759407
ZBRA,Zebra Technologies,Information Technology,Electronic Equipment & Instruments,Lincolnshire, Illinois,877212,53.1823034,-0.203120854
ZBH,Zimmer Biomet,Health Care,Health Care Equipment,Warsaw, Indiana,1136869,52.2319581,21.0067249
ZION,Zions Bancorp,Financials,Regional Banks,Salt Lake City, Utah,109380,40.7596198,-111.8867975
ZTS,Zoetis,Health Care,Pharmaceuticals,Florham Park, New Jersey,1555280,40.787878,-74.3882072
